{
  "fit_space": "cumulative",
  "n_peaks": 2,
  "params": [
    8461.048745942218,
    0.20728670729983523,
    1964.9999990388262,
    9.996202680311566,
    5404.654341533124,
    0.010574437807763251,
    2015.0000006343648,
    0.16321481649918518
  ],
  "metrics_fit_space": {
    "RSS": 50530289.37639628,
    "R2": 0.9638733406376947,
    "RMSE": 635.800530835867,
    "AIC": 1629.7212208466233,
    "AICc": 1630.9626001569682,
    "BIC": 1652.3477307450416,
    "n": 125,
    "kparams": 8,
    "success": true,
    "message": "`xtol` termination condition is satisfied.",
    "nfev": 287
  },
  "metrics_rate": {
    "RSS": 319915.881467455,
    "R2": 0.03665191017285696,
    "RMSE": 50.58979197169761,
    "AIC": 996.9374540628653,
    "AICc": 998.1788333732102,
    "BIC": 1019.5639639612837,
    "n": 125,
    "kparams": 8
  },
  "metrics_cumulative": {
    "RSS": 50530289.37639628,
    "R2": 0.9638733406376947,
    "RMSE": 635.800530835867,
    "AIC": 1629.7212208466233,
    "AICc": 1630.9626001569682,
    "BIC": 1652.3477307450416,
    "n": 125,
    "kparams": 8
  },
  "columns_per_peak": [
    "Qinf",
    "k",
    "t0",
    "nu"
  ]
}