peak,Qinf,k,t0,nu
1,8461.048745942218,0.20728670729983523,1964.9999990388262,9.996202680311566
2,5404.654341533124,0.010574437807763251,2015.0000006343648,0.16321481649918518
