{
  "fit_space": "cumulative",
  "n_peaks": 2,
  "params": [
    1992.972350197091,
    0.07210419950947596,
    1962.1470959566734,
    0.7203434768263961,
    235.338242957072,
    0.1662292557978752,
    2005.4101782957518,
    0.05000000000008409
  ],
  "metrics_fit_space": {
    "RSS": 28948.43077230842,
    "R2": 0.9996462218610243,
    "RMSE": 15.279237116867288,
    "AIC": 692.1707241851776,
    "AICc": 693.4228980982211,
    "BIC": 714.732976710018,
    "n": 124,
    "kparams": 8,
    "success": true,
    "message": "`ftol` termination condition is satisfied.",
    "nfev": 570
  },
  "metrics_rate": {
    "RSS": 25604.71477187868,
    "R2": 0.40974351520480723,
    "RMSE": 14.369747223145094,
    "AIC": 676.9510271165398,
    "AICc": 678.2032010295833,
    "BIC": 699.5132796413801,
    "n": 124,
    "kparams": 8
  },
  "metrics_cumulative": {
    "RSS": 28948.43077230842,
    "R2": 0.9996462218610243,
    "RMSE": 15.279237116867288,
    "AIC": 692.1707241851776,
    "AICc": 693.4228980982211,
    "BIC": 714.732976710018,
    "n": 124,
    "kparams": 8
  },
  "columns_per_peak": [
    "Qinf",
    "k",
    "t0",
    "nu"
  ]
}