peak,Qinf,k,t0,nu
1,1992.972350197091,0.07210419950947596,1962.1470959566734,0.7203434768263961
2,235.338242957072,0.1662292557978752,2005.4101782957518,0.05000000000008409
